specification,cells_sampled,multiple_of_base,multiple_of_published,projected_cells,projected_with_margin,within_ceiling
base,6303637,1.0,0.7913692845416366,72470297,82616138,True
harp,6701001,1.063037259283807,0.8412550353205287,77038626,87824033,True
origination_spread,13415718,2.128250405281903,1.6842320005533877,154234938,175827830,False
delinquency_state,7468938,1.184861691750334,0.9376631492812549,85867278,97888697,True
fine_bands,14348301,2.2761940448030242,1.8013100527137031,164956458,188050362,False
all,30906034,4.902889236800913,3.8799959475140295,355313838,405057775,False
all less fine_bands,16035828,2.5439009257671406,2.013165055569149,184357255,210167271,False
"all less fine_bands, origination_spread",7965481,1.2636325664057115,1.0,91575827,104396443,True
"all less fine_bands, origination_spread, delinquency_state",6701001,1.063037259283807,0.8412550353205287,77038626,87824033,True
published,7965481,1.2636325664057115,1.0,91575827,104396443,True
published + fine_bands,17022535,2.70043071959886,2.137037926523207,195701015,223099158,False
published + origination_spread,16035828,2.5439009257671406,2.013165055569149,184357255,210167271,False
