purpose,cells,as_of,moratorium,sample,formula,distribution,likelihood,cause,minutes,evaluations,cached
selection,cells_exclude.parquet:448169670:1789713959804446587,2021-12,exclude,training half,"credit_score + original_ltv + debt_to_income + term_years + C(purpose, Treatment('purchase')) + C(occupancy, Treatment('owner_occupied')) + C(harp, Treatment('standard'))",weibull,interval_censored,prepayment,0.0,,True
selection,cells_exclude.parquet:448169670:1789713959804446587,2021-12,exclude,training half,"credit_score + original_ltv + debt_to_income + term_years + ltv_change + C(purpose, Treatment('purchase')) + C(occupancy, Treatment('owner_occupied')) + C(harp, Treatment('standard'))",weibull,interval_censored,prepayment,0.0,,True
selection,cells_exclude.parquet:448169670:1789713959804446587,2021-12,exclude,training half,"credit_score + original_ltv + debt_to_income + term_years + unemployment_change + C(purpose, Treatment('purchase')) + C(occupancy, Treatment('owner_occupied')) + C(harp, Treatment('standard'))",weibull,interval_censored,prepayment,0.0,,True
selection,cells_exclude.parquet:448169670:1789713959804446587,2021-12,exclude,training half,"credit_score + original_ltv + debt_to_income + term_years + financial_conditions + C(purpose, Treatment('purchase')) + C(occupancy, Treatment('owner_occupied')) + C(harp, Treatment('standard'))",weibull,interval_censored,prepayment,0.0,,True
selection,cells_exclude.parquet:448169670:1789713959804446587,2021-12,exclude,training half,"credit_score + original_ltv + debt_to_income + term_years + mortgage_rate_decline + C(purpose, Treatment('purchase')) + C(occupancy, Treatment('owner_occupied')) + C(harp, Treatment('standard'))",weibull,interval_censored,prepayment,0.0,,True
selection,cells_exclude.parquet:448169670:1789713959804446587,2021-12,exclude,training half,"credit_score + original_ltv + debt_to_income + term_years + house_price_growth + C(purpose, Treatment('purchase')) + C(occupancy, Treatment('owner_occupied')) + C(harp, Treatment('standard'))",weibull,interval_censored,prepayment,0.0,,True
selection,cells_exclude.parquet:448169670:1789713959804446587,2021-12,exclude,training half,"credit_score + original_ltv + debt_to_income + term_years + policy_rate_change + C(purpose, Treatment('purchase')) + C(occupancy, Treatment('owner_occupied')) + C(harp, Treatment('standard'))",weibull,interval_censored,prepayment,0.0,,True
selection,cells_exclude.parquet:448169670:1789713959804446587,2021-12,exclude,training half,"credit_score + original_ltv + debt_to_income + term_years + yield_curve_slope + C(purpose, Treatment('purchase')) + C(occupancy, Treatment('owner_occupied')) + C(harp, Treatment('standard'))",weibull,interval_censored,prepayment,0.0,,True
selection,cells_exclude.parquet:448169670:1789713959804446587,2021-12,exclude,training half,"credit_score + original_ltv + debt_to_income + term_years + inflation_rate + C(purpose, Treatment('purchase')) + C(occupancy, Treatment('owner_occupied')) + C(harp, Treatment('standard'))",weibull,interval_censored,prepayment,0.0,,True
selection,cells_exclude.parquet:448169670:1789713959804446587,2021-12,exclude,training half,"credit_score + original_ltv + debt_to_income + term_years + equity_return + C(purpose, Treatment('purchase')) + C(occupancy, Treatment('owner_occupied')) + C(harp, Treatment('standard'))",weibull,interval_censored,prepayment,0.0,,True
selection,cells_exclude.parquet:448169670:1789713959804446587,2021-12,exclude,training half,"credit_score + original_ltv + debt_to_income + term_years + equity_volatility + C(purpose, Treatment('purchase')) + C(occupancy, Treatment('owner_occupied')) + C(harp, Treatment('standard'))",weibull,interval_censored,prepayment,0.0,,True
selection,cells_exclude.parquet:448169670:1789713959804446587,2021-12,exclude,training half,"credit_score + original_ltv + debt_to_income + term_years + consumer_sentiment + C(purpose, Treatment('purchase')) + C(occupancy, Treatment('owner_occupied')) + C(harp, Treatment('standard'))",weibull,interval_censored,prepayment,0.0,,True
selection,cells_exclude.parquet:448169670:1789713959804446587,2021-12,exclude,training half,"credit_score + original_ltv + debt_to_income + term_years + housing_starts_growth + C(purpose, Treatment('purchase')) + C(occupancy, Treatment('owner_occupied')) + C(harp, Treatment('standard'))",weibull,interval_censored,prepayment,0.0,,True
selection,cells_exclude.parquet:448169670:1789713959804446587,2021-12,exclude,training half,"credit_score + original_ltv + debt_to_income + term_years + volatility_change + C(purpose, Treatment('purchase')) + C(occupancy, Treatment('owner_occupied')) + C(harp, Treatment('standard'))",weibull,interval_censored,prepayment,0.0,,True
selection,cells_exclude.parquet:448169670:1789713959804446587,2021-12,exclude,training half,"credit_score + original_ltv + debt_to_income + term_years + inflation_change + C(purpose, Treatment('purchase')) + C(occupancy, Treatment('owner_occupied')) + C(harp, Treatment('standard'))",weibull,interval_censored,prepayment,0.0,,True
selection,cells_exclude.parquet:448169670:1789713959804446587,2021-12,exclude,training half,"credit_score + original_ltv + debt_to_income + term_years + C(purpose, Treatment('purchase')) + C(occupancy, Treatment('owner_occupied')) + C(harp, Treatment('standard')) + C(mortgage_insurance, Treatment('uninsured'))",weibull,interval_censored,prepayment,0.0,,True
selection,cells_exclude.parquet:448169670:1789713959804446587,2021-12,exclude,training half,"credit_score + original_ltv + debt_to_income + term_years + C(purpose, Treatment('purchase')) + C(occupancy, Treatment('owner_occupied')) + C(harp, Treatment('standard')) + C(buyer_type, Treatment('repeat'))",weibull,interval_censored,prepayment,0.0,,True
selection,cells_exclude.parquet:448169670:1789713959804446587,2021-12,exclude,training half,"credit_score + original_ltv + debt_to_income + term_years + ltv_change + unemployment_change + financial_conditions + mortgage_rate_decline + house_price_growth + policy_rate_change + yield_curve_slope + inflation_rate + equity_return + equity_volatility + consumer_sentiment + housing_starts_growth + volatility_change + inflation_change + C(purpose, Treatment('purchase')) + C(occupancy, Treatment('owner_occupied')) + C(harp, Treatment('standard')) + C(mortgage_insurance, Treatment('uninsured')) + C(buyer_type, Treatment('repeat'))",weibull,interval_censored,prepayment,0.0,,True
selection,cells_exclude.parquet:448169670:1789713959804446587,2021-12,exclude,training half,"credit_score + original_ltv + debt_to_income + term_years + ltv_change + unemployment_change + financial_conditions + mortgage_rate_decline + house_price_growth + policy_rate_change + yield_curve_slope + inflation_rate + equity_return + equity_volatility + consumer_sentiment + housing_starts_growth + volatility_change + inflation_change + C(purpose, Treatment('purchase')) + C(occupancy, Treatment('owner_occupied')) + C(harp, Treatment('standard')) + C(mortgage_insurance, Treatment('uninsured')) + C(buyer_type, Treatment('repeat'))",weibull,interval_censored,prepayment,0.0,,True
selection,cells_exclude.parquet:448169670:1789713959804446587,2021-12,exclude,training half,"credit_score + original_ltv + debt_to_income + term_years + ltv_change + unemployment_change + financial_conditions + mortgage_rate_decline + house_price_growth + policy_rate_change + yield_curve_slope + inflation_rate + equity_return + equity_volatility + consumer_sentiment + housing_starts_growth + inflation_change + C(purpose, Treatment('purchase')) + C(occupancy, Treatment('owner_occupied')) + C(harp, Treatment('standard')) + C(mortgage_insurance, Treatment('uninsured')) + C(buyer_type, Treatment('repeat'))",weibull,interval_censored,prepayment,25.21763508861671,4.0,False
selection,cells_exclude.parquet:448169670:1789713959804446587,2021-12,exclude,training half,"credit_score + original_ltv + debt_to_income + term_years + ltv_change + unemployment_change + financial_conditions + mortgage_rate_decline + house_price_growth + policy_rate_change + yield_curve_slope + inflation_rate + equity_return + equity_volatility + consumer_sentiment + housing_starts_growth + inflation_change + C(purpose, Treatment('purchase')) + C(occupancy, Treatment('owner_occupied')) + C(harp, Treatment('standard')) + C(mortgage_insurance, Treatment('uninsured')) + C(buyer_type, Treatment('repeat'))",weibull,interval_censored,prepayment,0.0,,True
selection,cells_exclude.parquet:448169670:1789713959804446587,2021-12,exclude,training half,"credit_score + original_ltv + debt_to_income + term_years + ltv_change + unemployment_change + financial_conditions + mortgage_rate_decline + house_price_growth + policy_rate_change + yield_curve_slope + inflation_rate + equity_return + equity_volatility + consumer_sentiment + housing_starts_growth + C(purpose, Treatment('purchase')) + C(occupancy, Treatment('owner_occupied')) + C(harp, Treatment('standard')) + C(mortgage_insurance, Treatment('uninsured')) + C(buyer_type, Treatment('repeat'))",weibull,interval_censored,prepayment,24.660611257200557,4.0,False
selection,cells_exclude.parquet:448169670:1789713959804446587,2021-12,exclude,training half,"credit_score + original_ltv + debt_to_income + term_years + ltv_change + unemployment_change + financial_conditions + mortgage_rate_decline + house_price_growth + policy_rate_change + yield_curve_slope + inflation_rate + equity_return + equity_volatility + consumer_sentiment + housing_starts_growth + C(purpose, Treatment('purchase')) + C(occupancy, Treatment('owner_occupied')) + C(harp, Treatment('standard')) + C(mortgage_insurance, Treatment('uninsured')) + C(buyer_type, Treatment('repeat'))",weibull,interval_censored,prepayment,0.0,,True
selection,cells_exclude.parquet:448169670:1789713959804446587,2021-12,exclude,training half,"credit_score + original_ltv + debt_to_income + term_years + ltv_change + unemployment_change + financial_conditions + mortgage_rate_decline + house_price_growth + policy_rate_change + yield_curve_slope + equity_return + equity_volatility + consumer_sentiment + housing_starts_growth + C(purpose, Treatment('purchase')) + C(occupancy, Treatment('owner_occupied')) + C(harp, Treatment('standard')) + C(mortgage_insurance, Treatment('uninsured')) + C(buyer_type, Treatment('repeat'))",weibull,interval_censored,prepayment,22.41857037661636,4.0,False
selection,cells_exclude.parquet:448169670:1789713959804446587,2021-12,exclude,training half,"credit_score + original_ltv + debt_to_income + term_years + ltv_change + unemployment_change + financial_conditions + mortgage_rate_decline + house_price_growth + policy_rate_change + yield_curve_slope + equity_return + equity_volatility + consumer_sentiment + housing_starts_growth + C(purpose, Treatment('purchase')) + C(occupancy, Treatment('owner_occupied')) + C(harp, Treatment('standard')) + C(mortgage_insurance, Treatment('uninsured')) + C(buyer_type, Treatment('repeat'))",weibull,interval_censored,prepayment,0.0,,True
selection,cells_exclude.parquet:448169670:1789713959804446587,2021-12,exclude,training half,"credit_score + original_ltv + debt_to_income + term_years + ltv_change + unemployment_change + financial_conditions + mortgage_rate_decline + house_price_growth + policy_rate_change + yield_curve_slope + equity_return + equity_volatility + housing_starts_growth + C(purpose, Treatment('purchase')) + C(occupancy, Treatment('owner_occupied')) + C(harp, Treatment('standard')) + C(mortgage_insurance, Treatment('uninsured')) + C(buyer_type, Treatment('repeat'))",weibull,interval_censored,prepayment,45.15502317869978,15.0,False
selection,cells_exclude.parquet:448169670:1789713959804446587,2021-12,exclude,training half,"credit_score + original_ltv + debt_to_income + term_years + ltv_change + unemployment_change + financial_conditions + mortgage_rate_decline + house_price_growth + policy_rate_change + yield_curve_slope + equity_return + equity_volatility + housing_starts_growth + C(purpose, Treatment('purchase')) + C(occupancy, Treatment('owner_occupied')) + C(harp, Treatment('standard')) + C(mortgage_insurance, Treatment('uninsured')) + C(buyer_type, Treatment('repeat'))",weibull,interval_censored,prepayment,0.0,,True
selection,cells_exclude.parquet:448169670:1789713959804446587,2021-12,exclude,training half,"credit_score + original_ltv + debt_to_income + term_years + ltv_change + unemployment_change + financial_conditions + mortgage_rate_decline + house_price_growth + policy_rate_change + yield_curve_slope + equity_return + equity_volatility + housing_starts_growth + C(purpose, Treatment('purchase')) + C(occupancy, Treatment('owner_occupied')) + C(harp, Treatment('standard')) + C(mortgage_insurance, Treatment('uninsured')) + C(buyer_type, Treatment('repeat'))",weibull,interval_censored,prepayment,0.0,,True
selection,cells_exclude.parquet:448169670:1789713959804446587,2021-12,exclude,even origination years,"credit_score + original_ltv + debt_to_income + term_years + ltv_change + unemployment_change + financial_conditions + mortgage_rate_decline + house_price_growth + policy_rate_change + yield_curve_slope + equity_return + equity_volatility + housing_starts_growth + C(purpose, Treatment('purchase')) + C(occupancy, Treatment('owner_occupied')) + C(harp, Treatment('standard')) + C(mortgage_insurance, Treatment('uninsured')) + C(buyer_type, Treatment('repeat'))",weibull,interval_censored,prepayment,9.499600929366231,4.0,False
selection,cells_exclude.parquet:448169670:1789713959804446587,2021-12,exclude,odd origination years,"credit_score + original_ltv + debt_to_income + term_years + ltv_change + unemployment_change + financial_conditions + mortgage_rate_decline + house_price_growth + policy_rate_change + yield_curve_slope + equity_return + equity_volatility + housing_starts_growth + C(purpose, Treatment('purchase')) + C(occupancy, Treatment('owner_occupied')) + C(harp, Treatment('standard')) + C(mortgage_insurance, Treatment('uninsured')) + C(buyer_type, Treatment('repeat'))",weibull,interval_censored,prepayment,10.870645437416776,4.0,False
selection,cells_exclude.parquet:448169670:1789713959804446587,2021-12,exclude,training half,"credit_score + original_ltv + debt_to_income + term_years + ltv_change + unemployment_change + financial_conditions + mortgage_rate_decline + house_price_growth + policy_rate_change + equity_return + equity_volatility + housing_starts_growth + C(purpose, Treatment('purchase')) + C(occupancy, Treatment('owner_occupied')) + C(harp, Treatment('standard')) + C(mortgage_insurance, Treatment('uninsured')) + C(buyer_type, Treatment('repeat'))",weibull,interval_censored,prepayment,21.44692707360082,4.0,False
selection,cells_exclude.parquet:448169670:1789713959804446587,2021-12,exclude,even origination years,"credit_score + original_ltv + debt_to_income + term_years + ltv_change + unemployment_change + financial_conditions + mortgage_rate_decline + house_price_growth + policy_rate_change + equity_return + equity_volatility + housing_starts_growth + C(purpose, Treatment('purchase')) + C(occupancy, Treatment('owner_occupied')) + C(harp, Treatment('standard')) + C(mortgage_insurance, Treatment('uninsured')) + C(buyer_type, Treatment('repeat'))",weibull,interval_censored,prepayment,10.684175346450258,4.0,False
selection,cells_exclude.parquet:448169670:1789713959804446587,2021-12,exclude,odd origination years,"credit_score + original_ltv + debt_to_income + term_years + ltv_change + unemployment_change + financial_conditions + mortgage_rate_decline + house_price_growth + policy_rate_change + equity_return + equity_volatility + housing_starts_growth + C(purpose, Treatment('purchase')) + C(occupancy, Treatment('owner_occupied')) + C(harp, Treatment('standard')) + C(mortgage_insurance, Treatment('uninsured')) + C(buyer_type, Treatment('repeat'))",weibull,interval_censored,prepayment,12.04703073349956,4.0,False
selection,cells_exclude.parquet:448169670:1789713959804446587,2021-12,exclude,training half,"credit_score + original_ltv + debt_to_income + term_years + unemployment_change + financial_conditions + mortgage_rate_decline + house_price_growth + policy_rate_change + equity_return + equity_volatility + housing_starts_growth + C(purpose, Treatment('purchase')) + C(occupancy, Treatment('owner_occupied')) + C(harp, Treatment('standard')) + C(mortgage_insurance, Treatment('uninsured')) + C(buyer_type, Treatment('repeat'))",weibull,interval_censored,prepayment,15.67963537693334,3.0,False
selection,cells_exclude.parquet:448169670:1789713959804446587,2021-12,exclude,even origination years,"credit_score + original_ltv + debt_to_income + term_years + unemployment_change + financial_conditions + mortgage_rate_decline + house_price_growth + policy_rate_change + equity_return + equity_volatility + housing_starts_growth + C(purpose, Treatment('purchase')) + C(occupancy, Treatment('owner_occupied')) + C(harp, Treatment('standard')) + C(mortgage_insurance, Treatment('uninsured')) + C(buyer_type, Treatment('repeat'))",weibull,interval_censored,prepayment,10.190135907783406,4.0,False
selection,cells_exclude.parquet:448169670:1789713959804446587,2021-12,exclude,odd origination years,"credit_score + original_ltv + debt_to_income + term_years + unemployment_change + financial_conditions + mortgage_rate_decline + house_price_growth + policy_rate_change + equity_return + equity_volatility + housing_starts_growth + C(purpose, Treatment('purchase')) + C(occupancy, Treatment('owner_occupied')) + C(harp, Treatment('standard')) + C(mortgage_insurance, Treatment('uninsured')) + C(buyer_type, Treatment('repeat'))",weibull,interval_censored,prepayment,11.406988089132938,4.0,False
selection,cells_exclude.parquet:448169670:1789713959804446587,2021-12,exclude,training half,"credit_score + original_ltv + debt_to_income + term_years + unemployment_change + financial_conditions + mortgage_rate_decline + house_price_growth + policy_rate_change + equity_return + equity_volatility + housing_starts_growth + C(purpose, Treatment('purchase')) + C(occupancy, Treatment('owner_occupied')) + C(harp, Treatment('standard')) + C(mortgage_insurance, Treatment('uninsured')) + C(buyer_type, Treatment('repeat'))",weibull,interval_censored,prepayment,0.0,,True
